Workbook

Sheet Read Me
B2: Agent Use-Case Framework - Supervisor and Worker Control Matrix
B3: Expands the Use-Case Framework Coverage page of the Agent Onboarding Console
B5: Topic | C5: Explanation
B6: Purpose | C6: Explains how an agent's criticality tier and role (supervisor vs worker) determine the controls applied at onboarding and at runtime, and how coverage of those controls is measured.
B7: How to present it | C7: 1) Classification: show how complexity x availability sets the base tier, then how data sensitivity, autonomy and role modify it. 2) Control Matrix: walk one row per domain across the six tier/role columns. 3) Supervisor vs Worker: explain why the two roles need different controls. 4) Coverage Page: show the widgets and the sample roll-up.
B8: Tier definitions | C8: Critical: failure or misuse causes material business, regulatory or customer impact. Standard: meaningful impact, recoverable within business process. Low: read-only or narrow scope, limited blast radius.
B9: Role definitions | C9: Supervisor agent: plans and delegates work to worker agents, holds orchestration context, should not call business APIs directly. Worker agent: executes a narrow task against designated tools, cannot delegate to other agents.
B10: Key rule | C10: A supervisor's effective tier is never lower than the highest tier of any worker it can invoke. Delegation cannot be used to launder a Critical capability through a lower-tier supervisor.
B11: Enforcement points | C11: ServiceNow (approvals, CMDB, recertification), Onboarding Microservice, Microsoft Entra ID, Azure Key Vault, Azure API Management, AI / MCP Gateway, Oasis (NHI governance), Wiz (posture), OpenTelemetry to Dynatrace (traces, metrics) and Splunk (logs).
B12: Values to confirm | C12: Numeric thresholds (rotation days, sampling %, fan-out limits, SLA days, SLO targets) are recommended starting points. Replace with your policy values. Cells on the Classification calculator shaded light yellow are inputs.
B13: Sheets | C13: Classification | Control Matrix | Supervisor vs Worker | Coverage Page | Sample Coverage

Sheet Classification
B2: Step 1 - Classification
B3: Base tier = complexity x availability. Modifiers raise the tier, never lower it.
B5: Complexity level | C5: Score | D5: Definition | F5: Base tier grid (complexity score + availability score: 2-3 Low, 4 Standard, 5-6 Critical)
B6: Low | C6: 1 | D6: Single task, single tool, deterministic prompt, no multi-step reasoning | F6: Availability \ Complexity | G6: Low | H6: Medium | I6: High
B7: Medium | C7: 2 | D7: Multi-step task, 2-5 tools, bounded reasoning, structured outputs | F7: Standard | G7: =INDEX($B$16:$B$18,IF($C$11+$C$6>=5,3,IF($C$11+$C$6=4,2,1))) -> Low | H7: =INDEX($B$16:$B$18,IF($C$11+$C$7>=5,3,IF($C$11+$C$7=4,2,1))) -> Low | I7: =INDEX($B$16:$B$18,IF($C$11+$C$8>=5,3,IF($C$11+$C$8=4,2,1))) -> Standard
B8: High | C8: 3 | D8: Open-ended planning, many tools or agents, dynamic tool selection | F8: High | G8: =INDEX($B$16:$B$18,IF($C$12+$C$6>=5,3,IF($C$12+$C$6=4,2,1))) -> Low | H8: =INDEX($B$16:$B$18,IF($C$12+$C$7>=5,3,IF($C$12+$C$7=4,2,1))) -> Standard | I8: =INDEX($B$16:$B$18,IF($C$12+$C$8>=5,3,IF($C$12+$C$8=4,2,1))) -> Critical
F9: Mission-critical | G9: =INDEX($B$16:$B$18,IF($C$13+$C$6>=5,3,IF($C$13+$C$6=4,2,1))) -> Standard | H9: =INDEX($B$16:$B$18,IF($C$13+$C$7>=5,3,IF($C$13+$C$7=4,2,1))) -> Critical | I9: =INDEX($B$16:$B$18,IF($C$13+$C$8>=5,3,IF($C$13+$C$8=4,2,1))) -> Critical
B10: Availability need | C10: Score | D10: Definition
B11: Standard | C11: 1 | D11: Best effort, business hours, outage tolerated for a day | F11: Modifiers (applied in order)
B12: High | C12: 2 | D12: Business-hours SLA, outage tolerated for hours | F12: # | G12: Modifier | H12: Effect | I12: Why
B13: Mission-critical | C13: 3 | D13: 24x7, outage directly stops a business process or customer journey | F13: 1 | G13: Data classification = Restricted | H13: Tier becomes Critical | I13: Regulated or highly sensitive data sets the floor regardless of complexity
F14: 2 | G14: Autonomy = Autonomous write | H14: Tier +1 (max Critical) | I14: Unattended write actions increase blast radius
B15: Tier | C15: Tier number | D15: Meaning | F15: 3 | G15: Role = Supervisor | H15: Tier = MAX(own tier, highest bound worker tier) | I15: Prevents delegating a Critical capability through a lower-tier supervisor
B16: Low | C16: 1 | D16: Read-only or narrow scope, limited blast radius | F16: 4 | G16: Role = Worker | H16: No change | I16: Worker tier stands on its own tools and data
B17: Standard | C17: 2 | D17: Meaningful impact, recoverable
B18: Critical | C18: 3 | D18: Material business, regulatory or customer impact
B20: Data classification | D20: Autonomy | F20: Role
B21: Public | D21: Read-only | F21: Supervisor
B22: Internal | D22: Write with approval | F22: Worker
B23: Confidential | D23: Autonomous write
B24: Restricted
B27: Tier calculator (edit the yellow cells)
B28: Input | C28: Value
B29: Complexity | C29: High
B30: Availability | C30: High
B31: Data classification | C31: Confidential
B32: Autonomy | C32: Write with approval
B33: Role | C33: Supervisor
B34: Highest bound worker tier (supervisors only) | C34: Critical
B36: Step | C36: Result
B37: Complexity score | C37: =INDEX($C$6:$C$8,MATCH(C29,$B$6:$B$8,0)) -> 3
B38: Availability score | C38: =INDEX($C$11:$C$13,MATCH(C30,$B$11:$B$13,0)) -> 2
B39: Base tier number | C39: =IF(C37+C38>=5,3,IF(C37+C38=4,2,1)) -> 3
B40: After data modifier | C40: =IF(C31="Restricted",3,C39) -> 3
B41: After autonomy modifier | C41: =IF(C32="Autonomous write",MIN(3,C40+1),C40) -> 3
B42: After role modifier | C42: =IF(C33="Supervisor",MAX(C41,IFERROR(INDEX($C$16:$C$18,MATCH(C34,$B$16:$B$18,0)),1)),C41) -> 3
B43: Effective tier | C43: =INDEX($B$16:$B$18,C42) -> Critical
B44: Control column to apply | C44: =C43&" - "&C33 -> Critical - Supervisor

Sheet Control Matrix
B2: Step 2 - Control Matrix by Tier and Role
B3: Each row is a control. Read across to see how it changes by tier and by supervisor vs worker.
B5: ID | C5: Domain | D5: Control | E5: Why it matters | F5: Critical - Supervisor | G5: Critical - Worker | H5: Standard - Supervisor | I5: Standard - Worker | J5: Low - Supervisor | K5: Low - Worker | L5: Enforced at | M5: Evidence / coverage metric
B6: C-01 | C6: Approval and lifecycle | D6: Approval chain | E6: Scrutiny proportional to impact | F6: Manager + Security Architecture + Data Owner + AI Governance + CAB (Prod) | G6: Manager + Security + Data Owner + CAB (Prod) | H6: Manager + Security + AI Governance | I6: Manager + Security | J6: Manager + Security (supervisors never skip Security) | K6: Manager | L6: ServiceNow Flow + Decision Table | M6: % agents whose approval record matches required chain
B7: C-02 | C7: Approval and lifecycle | D7: Environment promotion | E7: Stops untested agents reaching Prod | F7: Gate at each step dev>qa>uat>prod. Cannot promote before all bound workers are promoted | G7: Gate at each step dev>qa>uat>prod | H7: Gate at UAT>Prod. Bound workers promoted first | I7: Gate at UAT>Prod | J7: Single approval to Prod. Bound workers promoted first | K7: Single approval to Prod | L7: ServiceNow + Onboarding Microservice | M7: Env matrix drift count
B8: C-03 | C8: Approval and lifecycle | D8: Ownership | E8: Accountability for NHI | F8: Business owner + technical owner + backup owner | G8: Business owner + technical owner + backup owner | H8: Owner + backup owner | I8: Owner + backup owner | J8: Owner + backup owner | K8: Owner + backup owner | L8: ServiceNow CMDB, Entra sponsor, Oasis | M8: % agents with active owner and backup
B9: C-04 | C9: Approval and lifecycle | D9: Recertification | E9: Detects scope creep and stale agents | F9: Quarterly, includes review of worker binding list | G9: Quarterly | H9: Semi-annual, includes worker binding list | I9: Semi-annual | J9: Annual, includes worker binding list | K9: Annual | L9: ServiceNow + Oasis | M9: % recertifications on time
B10: C-05 | C10: Approval and lifecycle | D10: Inactivity disable | E10: Removes unused standing access | F10: Disable after 30 days no activity | G10: Disable after 30 days no activity | H10: Disable after 60 days | I10: Disable after 60 days | J10: Disable after 90 days | K10: Disable after 90 days | L10: Oasis + Onboarding Microservice | M10: Count of inactive agents still enabled
B11: C-06 | C11: Approval and lifecycle | D11: Offboarding order | E11: Prevents orphaned delegation paths | F11: Remove worker bindings first, then gateways, roles, identity | G11: Cannot retire while bound to an active supervisor. Unbind and notify supervisor owner first | H11: Remove worker bindings first | I11: Unbind from supervisors first | J11: Remove worker bindings first | K11: Unbind from supervisors first | L11: Onboarding Microservice (saga) | M11: Offboarding teardown checks passed %
B12: C-07 | C12: Identity and credentials | D12: Identity model | E12: Separate blast radius per environment | F12: Dedicated Entra agent identity per env | G12: Dedicated Entra agent identity per env | H12: Dedicated Entra agent identity per env | I12: Dedicated Entra agent identity per env | J12: Dedicated Entra agent identity per env | K12: Dedicated Entra agent identity per env | L12: Entra ID | M12: Identities shared across envs (target 0)
B13: C-08 | C13: Identity and credentials | D13: Credential type | E13: Removes static secrets | F13: Managed identity or federated credential only | G13: Managed identity or federated credential only | H13: Managed identity / federated. Certificate only if runtime outside Azure without OIDC | I13: Managed identity / federated. Certificate only if runtime outside Azure without OIDC | J13: Managed identity / federated / certificate | K13: Managed identity / federated / certificate | L13: Entra ID + Key Vault | M13: Client secrets in use (target 0)
B14: C-09 | C14: Identity and credentials | D14: Certificate rotation | E14: Limits credential exposure window | F14: N/A (no certificates) | G14: N/A (no certificates) | H14: 90 days | I14: 90 days | J14: 180 days | K14: 180 days | L14: Key Vault rotation policy + Oasis | M14: Certs past rotation date
B15: C-10 | C15: Identity and credentials | D15: Conditional Access for workload identities | E15: Location and risk-based token issuance | F15: Required | G15: Required | H15: Recommended | I15: Recommended | J15: Optional | K15: Optional | L15: Entra ID (licensing dependent) | M15: % Critical agents covered by CA policy
B16: C-11 | C16: Authorization | D16: Business API access | E16: Supervisor should orchestrate, not execute | F16: Denied. Business actions only through workers | G16: Only designated tool APIs via MCP Gateway | H16: Denied. Business actions only through workers | I16: Only designated tool APIs via MCP Gateway | J16: Denied by default. Read-only exception with Security approval | K16: Only designated tool APIs via MCP Gateway | L16: Entra app roles + MCP Gateway | M16: Supervisors holding business API roles (target 0)
... B36: C-31 | C36: Governance | D36: Wiz posture | E36: Hosting and cloud configuration risk | F36: Hosting resources scanned. Critical issues SLA 1 day | G36: Critical issues SLA 1 day | H36: Critical issues SLA 7 days | I36: Critical issues SLA 7 days | J36: Critical issues SLA 30 days | K36: Critical issues SLA 30 days | L36: Wiz + ServiceNow | M36: Open issues past SLA

Sheet Supervisor vs Worker
B2: Step 3 - Why Supervisors and Workers Get Different Controls
B5: Dimension | C5: Supervisor agent | D5: Worker agent | E5: Risk addressed | F5: Control IDs
B6: Primary job | C6: Plans, decomposes, delegates, aggregates | D6: Executes one narrow task | E6: Role confusion | F6: C-11, C-14
B7: Direct business API access | C7: Denied (orchestration APIs only) | D7: Designated tools only | E7: Supervisor becomes a super-user | F7: C-11, C-13
B8: Who it can call | C8: Only bound worker IDs | D8: No agents. Only its tools | E8: Uncontrolled agent graph | F8: C-14, C-15
B9: Who can call it | C9: Client apps via APIM | D9: Only bound supervisors | E9: Workers invoked out of context | F9: C-14
B10: Tier | C10: MAX(own, highest bound worker) | D10: Own classification | E10: Capability laundering through delegation | F10: C-16
B11: Identity context | C11: Passes user + supervisor actor chain | D11: Validates the full actor chain | E11: Loss of accountability | F11: C-17
B12: Input trust | C12: Treats worker output as untrusted | D12: Treats user and supervisor input as untrusted | E12: Cross-agent prompt injection | F12: C-22
B13: Blast radius levers | C13: Fan-out limit, loop guard, max steps | D13: Per-tool scopes, write approval | E13: Runaway cost or mass action | F13: C-12, C-18, C-19
B14: Kill switch effect | C14: Cascades: suspends its worker bindings | D14: Stops only that worker | E14: Slow containment | F14: C-23
B15: Telemetry duty | C15: Starts or propagates the trace | D15: Continues the trace | E15: Broken end-to-end audit | F15: C-24
B16: Testing focus | C16: Delegation depth, unbound worker deny, compromised worker output | D16: Allow/deny, guardrails, unapproved caller deny | E16: Controls not proven | F16: C-28, C-29
... B18: Recertification | C18: Also recertifies worker binding list | D18: Recertifies tools and scopes | E18: Scope creep | F18: C-04

Sheet Coverage Page
B2: Step 4 - Use-Case Framework Coverage Page (dashboard spec)
B3: Widgets for the Coverage page in the ServiceNow workspace or the Agent Onboarding Console
B5: # | C5: Widget | D5: Metric definition | E5: Visualization | F5: Filters | G5: Data source | H5: Target | I5: Drill-down
B6: 1 | C6: Agents by tier x role | D6: Count of Active agents per effective tier and role | E6: Heatmap grid 3 x 2 | F6: Env, origin | G6: CMDB / AI inventory + profile table | H6: Informational | I6: Agent list
B7: 2 | C7: Control coverage by tier x role | D7: Controls passing / controls required for that tier-role column | E7: Heatmap with % | F7: Env, domain | G7: Control compliance table | H7: 100% Critical, 95% Standard, 90% Low | I7: Failing controls list
B8: 3 | C8: Coverage by control domain | D8: Pass % per domain (Approval, Identity, Authorization, Delegation, Runtime, Observability, Assurance, Governance) | E8: Horizontal bar | F8: Tier, role | G8: Control compliance table | H8: As above | I8: Controls in domain
B9: 4 | C9: Profile version currency | D9: % agents on current framework profile version | E9: Single score + trend | F9: Tier | G9: Profile table | H9: 100% within 30 days of new version | I9: Agents on old version
B10: 5 | C10: Supervisor tier integrity | D10: Supervisors whose tier < highest bound worker tier | E10: Single score | F10: Env | G10: Binding table + profile table | H10: 0 | I10: Supervisor + worker list
B11: 6 | C11: Delegation graph health | D11: Calls outside bound graph, max observed depth, fan-out limit hits, loop-guard trips | E11: Scorecards + graph | F11: Supervisor, env | G11: MCP Gateway via Dynatrace | H11: 0 out-of-graph calls | I11: Trace in Dynatrace
B12: 7 | C12: Actor-chain completeness | D12: % worker calls carrying full user + supervisor actor chain | E12: Single score + trend | F12: Tier | G12: Dynatrace / Splunk | H12: 100% Critical | I12: Offending calls in Splunk
B13: 8 | C13: Human-approval compliance | D13: Write actions executed without required human approval | E13: Single score | F13: Tier, role | G13: MCP Gateway logs (Splunk) | H13: 0 | I13: Log events
B14: 9 | C14: Supervisors with business API roles | D14: Supervisors holding any business API app role | E14: Single score | F14: Env | G14: Entra / Oasis | H14: 0 | I14: Role assignments
B15: 10 | C15: Credential posture by tier | D15: Credential type mix vs allowed type for tier | E15: Stacked bar | F15: Tier, env | G15: Entra / Key Vault / Oasis | H15: 0 secrets. 0 certs for Critical | I15: Identity detail
B16: 11 | C16: Open findings past SLA by tier | D16: Oasis + Wiz findings past tier SLA | E16: Stacked bar by source | F16: Tier, severity | G16: Findings table | H16: 0 | I16: ServiceNow tickets
B17: 12 | C17: Recertification status | D17: Due / overdue by tier cadence, incl. supervisor binding lists | E17: Bar | F17: Owner group | G17: ServiceNow | H17: 0 overdue | I17: Recert tasks

Sheet Sample Coverage
B2: Illustrative sample - replace with real data
B3: Shows how the Coverage page rolls up. Tier is computed with the Classification rules. Yes/No = control status.
B5: Agent | C5: Origin | D5: Role | E5: Complexity | F5: Availability | G5: Data class | H5: Autonomy | I5: Highest bound worker tier | J5: Base # | K5: Effective tier # | L5: Effective tier | M5: Approval chain | N5: Credential type | O5: Callee binding | P5: Guardrails | Q5: Trace propagation | R5: Recert current | S5: Coverage %
B6: Contract Orchestrator | C6: Agent 365 | D6: Supervisor | E6: High | F6: High | G6: Confidential | H6: Write with approval | I6: Critical | J6: =IF(INDEX(Classification!$C$6:$C$8,MATCH(E6,Classification!$B$6:$B$8,0))+INDEX(Classification!$C$11:$C$13,MATCH(F6,Classification!$B$11:$B$13,0))>=5,3,IF(INDEX(Classification!$C$6:$C$8,MATCH(E6,Classification!$B$6:$B$8,0))+INDEX(Classification!$C$11:$C$13,MATCH(F6,Classification!$B$11:$B$13,0))=4,2,1)) -> 3 | K6: =IF(D6="Supervisor",MAX(IF(H6="Autonomous write",MIN(3,IF(G6="Restricted",3,J6)+1),IF(G6="Restricted",3,J6)),IFERROR(INDEX(Classification!$C$16:$C$18,MATCH(I6,Classification!$B$16:$B$18,0)),1)),IF(H6="Autonomous write",MIN(3,IF(G6="Restricted",3,J6)+1),IF(G6="Restricted",3,J6))) -> 3 | L6: =INDEX(Classification!$B$16:$B$18,K6) -> Critical | M6: Yes | N6: Yes | O6: Yes | P6: Yes | Q6: Yes | R6: Yes | S6: =COUNTIF(M6:R6,"Yes")/COLUMNS(M6:R6) -> 1
B7: Clause Extractor | C7: Claude | D7: Worker | E7: Medium | F7: High | G7: Confidential | H7: Read-only | J7: =IF(INDEX(Classification!$C$6:$C$8,MATCH(E7,Classification!$B$6:$B$8,0))+INDEX(Classification!$C$11:$C$13,MATCH(F7,Classification!$B$11:$B$13,0))>=5,3,IF(INDEX(Classification!$C$6:$C$8,MATCH(E7,Classification!$B$6:$B$8,0))+INDEX(Classification!$C$11:$C$13,MATCH(F7,Classification!$B$11:$B$13,0))=4,2,1)) -> 2 | K7: =IF(D7="Supervisor",MAX(IF(H7="Autonomous write",MIN(3,IF(G7="Restricted",3,J7)+1),IF(G7="Restricted",3,J7)),IFERROR(INDEX(Classification!$C$16:$C$18,MATCH(I7,Classification!$B$16:$B$18,0)),1)),IF(H7="Autonomous write",MIN(3,IF(G7="Restricted",3,J7)+1),IF(G7="Restricted",3,J7))) -> 2 | L7: =INDEX(Classification!$B$16:$B$18,K7) -> Standard | M7: Yes | N7: Yes | O7: Yes | P7: Yes | Q7: Yes | R7: Yes | S7: =COUNTIF(M7:R7,"Yes")/COLUMNS(M7:R7) -> 1
B8: Contract Redliner | C8: Claude | D8: Worker | E8: High | F8: Mission-critical | G8: Restricted | H8: Write with approval | J8: =IF(INDEX(Classification!$C$6:$C$8,MATCH(E8,Classification!$B$6:$B$8,0))+INDEX(Classification!$C$11:$C$13,MATCH(F8,Classification!$B$11:$B$13,0))>=5,3,IF(INDEX(Classification!$C$6:$C$8,MATCH(E8,Classification!$B$6:$B$8,0))+INDEX(Classification!$C$11:$C$13,MATCH(F8,Classification!$B$11:$B$13,0))=4,2,1)) -> 3 | K8: =IF(D8="Supervisor",MAX(IF(H8="Autonomous write",MIN(3,IF(G8="Restricted",3,J8)+1),IF(G8="Restricted",3,J8)),IFERROR(INDEX(Classification!$C$16:$C$18,MATCH(I8,Classification!$B$16:$B$18,0)),1)),IF(H8="Autonomous write",MIN(3,IF(G8="Restricted",3,J8)+1),IF(G8="Restricted",3,J8))) -> 3 | L8: =INDEX(Classification!$B$16:$B$18,K8) -> Critical | M8: Yes | N8: No | O8: Yes | P8: Yes | Q8: Yes | R8: Yes | S8: =COUNTIF(M8:R8,"Yes")/COLUMNS(M8:R8) -> 0.83333333
B9: Support Triage Supervisor | C9: Agent 365 | D9: Supervisor | E9: Medium | F9: Mission-critical | G9: Internal | H9: Read-only | I9: Standard | J9: =IF(INDEX(Classification!$C$6:$C$8,MATCH(E9,Classification!$B$6:$B$8,0))+INDEX(Classification!$C$11:$C$13,MATCH(F9,Classification!$B$11:$B$13,0))>=5,3,IF(INDEX(Classification!$C$6:$C$8,MATCH(E9,Classification!$B$6:$B$8,0))+INDEX(Classification!$C$11:$C$13,MATCH(F9,Classification!$B$11:$B$13,0))=4,2,1)) -> 3 | K9: =IF(D9="Supervisor",MAX(IF(H9="Autonomous write",MIN(3,IF(G9="Restricted",3,J9)+1),IF(G9="Restricted",3,J9)),IFERROR(INDEX(Classification!$C$16:$C$18,MATCH(I9,Classification!$B$16:$B$18,0)),1)),IF(H9="Autonomous write",MIN(3,IF(G9="Restricted",3,J9)+1),IF(G9="Restricted",3,J9))) -> 3 | L9: =INDEX(Classification!$B$16:$B$18,K9) -> Critical | M9: Yes | N9: Yes | O9: Yes | P9: Yes | Q9: No | R9: Yes | S9: =COUNTIF(M9:R9,"Yes")/COLUMNS(M9:R9) -> 0.83333333
B10: KB Search Worker | C10: Agent 365 | D10: Worker | E10: Low | F10: High | G10: Internal | H10: Read-only | J10: =IF(INDEX(Classification!$C$6:$C$8,MATCH(E10,Classification!$B$6:$B$8,0))+INDEX(Classification!$C$11:$C$13,MATCH(F10,Classification!$B$11:$B$13,0))>=5,3,IF(INDEX(Classification!$C$6:$C$8,MATCH(E10,Classification!$B$6:$B$8,0))+INDEX(Classification!$C$11:$C$13,MATCH(F10,Classification!$B$11:$B$13,0))=4,2,1)) -> 1 | K10: =IF(D10="Supervisor",MAX(IF(H10="Autonomous write",MIN(3,IF(G10="Restricted",3,J10)+1),IF(G10="Restricted",3,J10)),IFERROR(INDEX(Classification!$C$16:$C$18,MATCH(I10,Classification!$B$16:$B$18,0)),1)),IF(H10="Autonomous write",MIN(3,IF(G10="Restricted",3,J10)+1),IF(G10="Restricted",3,J10))) -> 1 | L10: =INDEX(Classification!$B$16:$B$18,K10) -> Low | M10: Yes | N10: Yes | O10: Yes | P10: Yes | Q10: Yes | R10: No | S10: =COUNTIF(M10:R10,"Yes")/COLUMNS(M10:R10) -> 0.83333333
B11: Refund Worker | C11: Claude | D11: Worker | E11: Medium | F11: High | G11: Confidential | H11: Autonomous write | J11: =IF(INDEX(Classification!$C$6:$C$8,MATCH(E11,Classification!$B$6:$B$8,0))+INDEX(Classification!$C$11:$C$13,MATCH(F11,Classification!$B$11:$B$13,0))>=5,3,IF(INDEX(Classification!$C$6:$C$8,MATCH(E11,Classification!$B$6:$B$8,0))+INDEX(Classification!$C$11:$C$13,MATCH(F11,Classification!$B$11:$B$13,0))=4,2,1)) -> 2 | K11: =IF(D11="Supervisor",MAX(IF(H11="Autonomous write",MIN(3,IF(G11="Restricted",3,J11)+1),IF(G11="Restricted",3,J11)),IFERROR(INDEX(Classification!$C$16:$C$18,MATCH(I11,Classification!$B$16:$B$18,0)),1)),IF(H11="Autonomous write",MIN(3,IF(G11="Restricted",3,J11)+1),IF(G11="Restricted",3,J11))) -> 3 | L11: =INDEX(Classification!$B$16:$B$18,K11) -> Critical | M11: Yes | N11: Yes | O11: Yes | P11: No | Q11: Yes | R11: Yes | S11: =COUNTIF(M11:R11,"Yes")/COLUMNS(M11:R11) -> 0.83333333
B12: Report Summarizer | C12: Claude | D12: Worker | E12: Low | F12: Standard | G12: Internal | H12: Read-only | J12: =IF(INDEX(Classification!$C$6:$C$8,MATCH(E12,Classification!$B$6:$B$8,0))+INDEX(Classification!$C$11:$C$13,MATCH(F12,Classification!$B$11:$B$13,0))>=5,3,IF(INDEX(Classification!$C$6:$C$8,MATCH(E12,Classification!$B$6:$B$8,0))+INDEX(Classification!$C$11:$C$13,MATCH(F12,Classification!$B$11:$B$13,0))=4,2,1)) -> 1 | K12: =IF(D12="Supervisor",MAX(IF(H12="Autonomous write",MIN(3,IF(G12="Restricted",3,J12)+1),IF(G12="Restricted",3,J12)),IFERROR(INDEX(Classification!$C$16:$C$18,MATCH(I12,Classification!$B$16:$B$18,0)),1)),IF(H12="Autonomous write",MIN(3,IF(G12="Restricted",3,J12)+1),IF(G12="Restricted",3,J12))) -> 1 | L12: =INDEX(Classification!$B$16:$B$18,K12) -> Low | M12: Yes | N12: Yes | O12: Yes | P12: Yes | Q12: Yes | R12: Yes | S12: =COUNTIF(M12:R12,"Yes")/COLUMNS(M12:R12) -> 1
B13: Ops Research Supervisor | C13: Claude | D13: Supervisor | E13: Low | F13: Standard | G13: Public | H13: Read-only | I13: Low | J13: =IF(INDEX(Classification!$C$6:$C$8,MATCH(E13,Classification!$B$6:$B$8,0))+INDEX(Classification!$C$11:$C$13,MATCH(F13,Classification!$B$11:$B$13,0))>=5,3,IF(INDEX(Classification!$C$6:$C$8,MATCH(E13,Classification!$B$6:$B$8,0))+INDEX(Classification!$C$11:$C$13,MATCH(F13,Classification!$B$11:$B$13,0))=4,2,1)) -> 1 | K13: =IF(D13="Supervisor",MAX(IF(H13="Autonomous write",MIN(3,IF(G13="Restricted",3,J13)+1),IF(G13="Restricted",3,J13)),IFERROR(INDEX(Classification!$C$16:$C$18,MATCH(I13,Classification!$B$16:$B$18,0)),1)),IF(H13="Autonomous write",MIN(3,IF(G13="Restricted",3,J13)+1),IF(G13="Restricted",3,J13))) -> 1 | L13: =INDEX(Classification!$B$16:$B$18,K13) -> Low | M13: Yes | N13: Yes | O13: No | P13: Yes | Q13: Yes | R13: Yes | S13: =COUNTIF(M13:R13,"Yes")/COLUMNS(M13:R13) -> 0.83333333
B15: Coverage roll-up (widget 1 and 2)
B16: Effective tier | C16: Supervisor - agents | D16: Supervisor - avg coverage | E16: Worker - agents | F16: Worker - avg coverage
B17: Critical | C17: =COUNTIFS($L$6:$L$13,B17,$D$6:$D$13,"Supervisor") -> 2 | D17: =IFERROR(AVERAGEIFS($S$6:$S$13,$L$6:$L$13,B17,$D$6:$D$13,"Supervisor"),"N/A") -> 0.91666667 | E17: =COUNTIFS($L$6:$L$13,B17,$D$6:$D$13,"Worker") -> 2 | F17: =IFERROR(AVERAGEIFS($S$6:$S$13,$L$6:$L$13,B17,$D$6:$D$13,"Worker"),"N/A") -> 0.83333333
B18: Standard | C18: =COUNTIFS($L$6:$L$13,B18,$D$6:$D$13,"Supervisor") -> 0 | D18: =IFERROR(AVERAGEIFS($S$6:$S$13,$L$6:$L$13,B18,$D$6:$D$13,"Supervisor"),"N/A") -> N/A | E18: =COUNTIFS($L$6:$L$13,B18,$D$6:$D$13,"Worker") -> 1 | F18: =IFERROR(AVERAGEIFS($S$6:$S$13,$L$6:$L$13,B18,$D$6:$D$13,"Worker"),"N/A") -> 1
B19: Low | C19: =COUNTIFS($L$6:$L$13,B19,$D$6:$D$13,"Supervisor") -> 1 | D19: =IFERROR(AVERAGEIFS($S$6:$S$13,$L$6:$L$13,B19,$D$6:$D$13,"Supervisor"),"N/A") -> 0.83333333 | E19: =COUNTIFS($L$6:$L$13,B19,$D$6:$D$13,"Worker") -> 2 | F19: =IFERROR(AVERAGEIFS($S$6:$S$13,$L$6:$L$13,B19,$D$6:$D$13,"Worker"),"N/A") -> 0.91666667
B20: Total | C20: =SUM(C17:C19) -> 3 | D20: =IFERROR(AVERAGEIFS($S$6:$S$13,$D$6:$D$13,"Supervisor"),"N/A") -> 0.88888889 | E20: =SUM(E17:E19) -> 5 | F20: =IFERROR(AVERAGEIFS($S$6:$S$13,$D$6:$D$13,"Worker"),"N/A") -> 0.9
B22: Supervisor tier integrity (widget 5)
B23: Check | C23: Result
B24: Supervisors whose effective tier is below highest bound worker tier | C24: =SUMPRODUCT(($D$6:$D$13="Supervisor")*($K$6:$K$13<IFERROR(MATCH($I$6:$I$13,Classification!$B$16:$B$18,0),0))) -> 0
B25: Controls failing (No) across sample | C25: =COUNTIF(M6:R13,"No") -> 5
